{
  "minecraft:recipes/decorations/crafting_table": {
    "criteria": {
      "unlock_right_away": "2024-06-03 06:07:32 +0000"
    },
    "done": true
  },
  "minecraft:adventure/adventuring_time": {
    "criteria": {
      "minecraft:bamboo_jungle": "2024-06-03 06:18:43 +0000",
      "minecraft:beach": "2024-06-03 06:19:08 +0000",
      "minecraft:sparse_jungle": "2024-06-03 06:18:36 +0000",
      "minecraft:river": "2024-06-03 06:18:46 +0000",
      "minecraft:jungle": "2024-06-03 06:18:47 +0000",
      "minecraft:savanna": "2024-06-03 06:15:12 +0000",
      "minecraft:plains": "2024-06-03 06:07:32 +0000"
    },
    "done": false
  },
  "DataVersion": 3465
}